A09	Enfeksiyöz gastroenterit ve kolit	Infectious gastroenteritis and colitis
B34.9	Viral enfeksiyon, tanımlanmamış	Viral infection, unspecified
D50.9	Demir eksikliği anemisi	Iron deficiency anaemia
E03.9	Hipotiroidi	Hypothyroidism
E05.9	Hipertiroidi	Thyrotoxicosis
E11.9	Tip 2 diyabet, komplikasyonsuz	Type 2 diabetes without complications
E66.9	Obezite	Obesity
E78.5	Hiperlipidemi	Hyperlipidaemia
E55.9	D vitamini eksikliği	Vitamin D deficiency
F32.9	Depresif bozukluk	Depressive episode
F41.1	Yaygın anksiyete bozukluğu	Generalised anxiety disorder
F51.0	Uykusuzluk (insomnia)	Insomnia
G43.9	Migren	Migraine
G44.2	Gerilim tipi baş ağrısı	Tension-type headache
G47.3	Uyku apnesi	Sleep apnoea
H10.9	Konjonktivit	Conjunctivitis
H52.1	Miyopi	Myopia
H66.9	Orta kulak iltihabı (otitis media)	Otitis media
I10	Esansiyel hipertansiyon	Essential hypertension
I20.9	Angina pektoris	Angina pectoris
I25.1	Aterosklerotik kalp hastalığı	Atherosclerotic heart disease
I48	Atriyal fibrilasyon	Atrial fibrillation
I50.9	Kalp yetmezliği	Heart failure
I83.9	Bacak varisleri	Varicose veins of lower extremities
J00	Akut nazofarenjit (soğuk algınlığı)	Acute nasopharyngitis (common cold)
J01.9	Akut sinüzit	Acute sinusitis
J02.9	Akut farenjit	Acute pharyngitis
J03.9	Akut tonsillit	Acute tonsillitis
J06.9	Akut üst solunum yolu enfeksiyonu	Acute upper respiratory infection
J11.1	Grip (influenza)	Influenza
J18.9	Pnömoni	Pneumonia
J20.9	Akut bronşit	Acute bronchitis
J30.4	Alerjik rinit	Allergic rhinitis
J44.9	Kronik obstrüktif akciğer hastalığı (KOAH)	Chronic obstructive pulmonary disease
J45.9	Astım	Asthma
K21.9	Gastroözofageal reflü hastalığı	Gastro-oesophageal reflux disease
K29.7	Gastrit	Gastritis
K30	Dispepsi	Dyspepsia
K35.8	Akut apandisit	Acute appendicitis
K58.9	İrritabl bağırsak sendromu	Irritable bowel syndrome
K59.0	Kabızlık	Constipation
K80.2	Safra kesesi taşı	Gallstones
L20.9	Atopik dermatit	Atopic dermatitis
L30.9	Dermatit (egzama)	Dermatitis
L40.9	Sedef hastalığı (psoriazis)	Psoriasis
L50.9	Ürtiker	Urticaria
L70.0	Akne	Acne vulgaris
M17.9	Diz osteoartriti	Osteoarthritis of the knee
M25.5	Eklem ağrısı	Pain in joint
M54.2	Boyun ağrısı	Cervicalgia
M54.5	Bel ağrısı	Low back pain
M79.1	Kas ağrısı (miyalji)	Myalgia
M81.9	Osteoporoz	Osteoporosis
N18.9	Kronik böbrek hastalığı	Chronic kidney disease
N20.0	Böbrek taşı	Kidney stone
N39.0	İdrar yolu enfeksiyonu	Urinary tract infection
N40	Prostat büyümesi	Benign prostatic hyperplasia
N94.6	Dismenore	Dysmenorrhoea
O80	Normal doğum	Single spontaneous delivery
R05	Öksürük	Cough
R07.4	Göğüs ağrısı	Chest pain
R10.4	Karın ağrısı	Abdominal pain
R42	Baş dönmesi	Dizziness
R50.9	Ateş	Fever
R51	Baş ağrısı	Headache
S93.4	Ayak bileği burkulması	Sprain of ankle
T78.4	Alerji	Allergy
Z00.0	Genel sağlık muayenesi	General medical examination
Z00.1	Rutin çocuk sağlığı kontrolü	Routine child health examination
Z01.0	Göz muayenesi	Examination of eyes and vision
Z23	Aşı uygulaması	Need for immunisation
Z34.9	Gebelik takibi	Supervision of normal pregnancy
Z76.0	Reçete tekrarı	Issue of repeat prescription
